id,prompt,response,label,source
sup001,Кто написал роман «Мастер и Маргарита»?,Михаил Булгаков,0,supplemental
sup002,Кто написал роман «Мастер и Маргарита»?,Фёдор Достоевский,1,supplemental
sup003,В каком году человек впервые высадился на Луну?,1969,0,supplemental
sup004,В каком году человек впервые высадился на Луне?,1945,1,supplemental
sup005,Какой химический символ у золота?,Au,0,supplemental
sup006,Какой химический символ у золота?,Go,1,supplemental
sup007,Сколько хромосом у человека в диплоидной клетке?,46,0,supplemental
sup008,Сколько хромосом у человека в диплоидной клетке?,23,1,supplemental
sup009,Кто открыл пенициллин?,Александр Флеминг,0,supplemental
sup010,Кто открыл пенициллин?,Луи Пастер,1,supplemental
sup011,Столица Австралии?,Канберра,0,supplemental
sup012,Столица Австралии?,Сидней,1,supplemental
sup013,Какая планета ближе всего к Солнцу?,Меркурий,0,supplemental
sup014,Какая планета ближе всего к Солнцу?,Венера,1,supplemental
sup015,Кто написал «Гаргантюа и Пантагрюэль»?,Франсуа Рабле,0,supplemental
sup016,Кто написал «Гаргантюа и Пантагрюэль»?,Вольтер,1,supplemental
sup017,Сколько струн у стандартной скрипки?,4,0,supplemental
sup018,Сколько струн у стандартной скрипки?,6,1,supplemental
sup019,Какой язык программирования создан Гвидо ван Россумом?,Python,0,supplemental
sup020,Какой язык программирования создан Гвидо ван Россумом?,Java,1,supplemental
sup021,Кто написал «Божественную комедию»?,Данте Алигьери,0,supplemental
sup022,Кто написал «Божественную комедию»?,Данте Габриэль Россетти,1,supplemental
sup023,Какая скорость света в вакууме приблизительно?,300000 км/с,0,supplemental
sup024,Какая скорость света в вакууме приблизительно?,340 м/с,1,supplemental
sup025,Кто был первым президентом США?,Джордж Вашингтон,0,supplemental
sup026,Кто был первым президентом США?,Авраам Линкольн,1,supplemental
sup027,В каком году распался СССР?,1991,0,supplemental
sup028,В каком году распался СССР?,1989,1,supplemental
sup029,Какой газ составляет большую часть атмосферы Земли?,Азот,0,supplemental
sup030,Какой газ составляет большую часть атмосферы Земли?,Кислород,1,supplemental
sup031,Кто написал «Преступление и наказание»?,Фёдор Достоевский,0,supplemental
sup032,Кто написал «Преступление и наказание»?,Лев Толстой,1,supplemental
sup033,Как называется процесс превращения воды в пар?,Испарение,0,supplemental
sup034,Как называется процесс превращения воды в пар?,Конденсация,1,supplemental
sup035,Сколько континентов традиционно выделяют?,7,0,supplemental
sup036,Сколько континентов традиционно выделяют?,5,1,supplemental
sup037,Кто изобрёл телефон (патент 1876)?,Александр Белл,0,supplemental
sup038,Кто изобрёл телефон (патент 1876)?,Томас Эдисон,1,supplemental
sup039,Какая самая длинная река в мире?,Нил,0,supplemental
sup040,Какая самая длинная река в мире?,Амазонка,1,supplemental
sup041,Кто написал «Ромео и Джульетту»?,Уильям Шекспир,0,supplemental
sup042,Кто написал «Ромео и Джульетту»?,Кристофер Марло,1,supplemental
sup043,Какой орган в человеке перекачивает кровь?,Сердце,0,supplemental
sup044,Какой орган в человеке перекачивает кровь?,Печень,1,supplemental
sup045,Сколько минут в одном часе?,60,0,supplemental
sup046,Сколько минут в одном часе?,100,1,supplemental
sup047,Кто написал «Гордость и предубеждение»?,Джейн Остин,0,supplemental
sup048,Кто написал «Гордость и предубеждение»?,Шарлотта Бронте,1,supplemental
sup049,Какая температура кипения воды при нормальном давлении (°C)?,100,0,supplemental
sup050,Какая температура кипения воды при нормальном давлении (°C)?,0,1,supplemental
sup051,What is the capital of Canada?,Ottawa,0,supplemental
sup052,What is the capital of Canada?,Toronto,1,supplemental
sup053,Who painted the Mona Lisa?,Leonardo da Vinci,0,supplemental
sup054,Who painted the Mona Lisa?,Michelangelo,1,supplemental
sup055,What is the largest ocean on Earth?,Pacific Ocean,0,supplemental
sup056,What is the largest ocean on Earth?,Atlantic Ocean,1,supplemental
sup057,How many sides does a hexagon have?,6,0,supplemental
sup058,How many sides does a hexagon have?,8,1,supplemental
sup059,Who developed the theory of general relativity?,Albert Einstein,0,supplemental
sup060,Who developed the theory of general relativity?,Isaac Newton,1,supplemental
sup061,What is H2O commonly known as?,Water,0,supplemental
sup062,What is H2O commonly known as?,Hydrogen peroxide,1,supplemental
sup063,Which planet is known as the Red Planet?,Mars,0,supplemental
sup064,Which planet is known as the Red Planet?,Venus,1,supplemental
sup065,Who wrote '1984'?,George Orwell,0,supplemental
sup066,Who wrote '1984'?,Aldous Huxley,1,supplemental
sup067,What is the smallest prime number?,2,0,supplemental
sup068,What is the smallest prime number?,1,1,supplemental
sup069,In which year did World War II end?,1945,0,supplemental
sup070,In which year did World War II end?,1918,1,supplemental
sup071,Кто автор картины «Чёрный квадрат»?,Казимир Малевич,0,supplemental
sup072,Кто автор картины «Чёрный квадрат»?,Василий Кандинский,1,supplemental
sup073,Какой элемент таблицы Менделеева обозначается как Fe?,Железо,0,supplemental
sup074,Какой элемент таблицы Менделеева обозначается как Fe?,Фтор,1,supplemental
sup075,Сколько игроков в баскетбольной команде на площадке?,5,0,supplemental
sup076,Сколько игроков в баскетбольной команде на площадке?,6,1,supplemental
sup077,Кто написал «Евгений Онегин»?,Александр Пушкин,0,supplemental
sup078,Кто написал «Евгений Онегин»?,Михаил Лермонтов,1,supplemental
sup079,Какая часть речи отвечает на вопрос «что делать?»?,Глагол,0,supplemental
sup080,Какая часть речи отвечает на вопрос «что делать?»?,Существительное,1,supplemental
sup081,Кто открыл закон всемирного тяготения?,Исаак Ньютон,0,supplemental
sup082,Кто открыл закон всемирного тяготения?,Альберт Эйнштейн,1,supplemental
sup083,Сколько нот в октаве в равномерно темперированном строе?,12,0,supplemental
sup084,Сколько нот в октаве в равномерно темперированном строе?,7,1,supplemental
sup085,Как называется наука о насекомых?,Энтомология,0,supplemental
sup086,Как называется наука о насекомых?,Орнитология,1,supplemental
sup087,Кто написал «Гарри Поттера и философский камень»?,Джоан Роулинг,0,supplemental
sup088,Кто написал «Гарри Поттера и философский камень»?,Дж. Р. Р. Толкин,1,supplemental
sup089,Какой газ растения поглощают при фотосинтезе?,Углекислый газ,0,supplemental
sup090,Какой газ растения поглощают при фотосинтезе?,Азот,1,supplemental
sup091,Сколько спутников у Земли (крупнейший естественный)?,1,0,supplemental
sup092,Сколько спутников у Земли (крупнейший естественный)?,2,1,supplemental
sup093,Кто написал «Анну Каренину»?,Лев Толстой,0,supplemental
sup094,Кто написал «Анну Каренину»?,Иван Тургенев,1,supplemental
sup095,Какой океан омывает восточное побережье Африки?,Индийский,0,supplemental
sup096,Какой океан омывает восточное побережье Африки?,Атлантический,1,supplemental
sup097,Кто открыл явление радиоактивности у урановых солей?,Анри Беккерель,0,supplemental
sup098,Кто открыл явление радиоактивности у урановых солей?,Мария Кюри,1,supplemental
sup099,Сколько байт в одном килобайте (по стандарту IEC: KiB)?,1024,0,supplemental
sup100,Сколько байт в одном килобайте (по стандарту IEC: KiB)?,1000,1,supplemental
sup101,На каком порту по умолчанию работает HTTPS?,443,0,supplemental
sup102,На каком порту по умолчанию работает HTTPS?,80,1,supplemental
sup103,Что означает аббревиатура MFA в контексте аутентификации?,Многофакторная аутентификация,0,supplemental
sup104,Что означает аббревиатура MFA в контексте аутентификации?,Многофункциональный анализ,1,supplemental
sup105,Какой статус-код HTTP обычно означает «успешно»?,200,0,supplemental
sup106,Какой статус-код HTTP обычно означает «успешно»?,404,1,supplemental
sup107,Что такое XSS в веб-безопасности?,Межсайтовый скриптинг,0,supplemental
sup108,Что такое XSS в веб-безопасности?,Межсайтовая подделка запроса,1,supplemental
sup109,Что такое CSRF?,Подделка межсайтовых запросов,0,supplemental
sup110,Что такое CSRF?,Отказ в обслуживании,1,supplemental
sup111,Для чего в TLS обычно используется сертификат X.509?,Для аутентификации сервера (и иногда клиента),0,supplemental
sup112,Для чего в TLS обычно используется сертификат X.509?,Только для сжатия трафика,1,supplemental
sup113,Что такое OAuth 2.0 в двух словах?,Рамочный протокол делегирования доступа,0,supplemental
sup114,Что такое OAuth 2.0 в двух словах?,Протокол шифрования дисков,1,supplemental
sup115,Сколько частей в типичном JWT (через точку)?,3,0,supplemental
sup116,Сколько частей в типичном JWT (через точку)?,2,1,supplemental
sup117,Что такое SIEM в корпоративной ИБ?,Система сбора и анализа событий безопасности,0,supplemental
sup118,Что такое SIEM в корпоративной ИБ?,Система управления электропитанием,1,supplemental
sup119,Что такое DDoS-атака?,Распределённый отказ в обслуживании,0,supplemental
sup120,Что такое DDoS-атака?,Подбор пароля по словарю,1,supplemental
sup121,Что такое IBAN?,Международный номер банковского счёта,0,supplemental
sup122,Что такое IBAN?,Внутренний идентификатор биржи,1,supplemental
sup123,Для чего используется код BIC/SWIFT?,Идентификация банка в международных платежах,0,supplemental
sup124,Для чего используется код BIC/SWIFT?,Для расчёта кредитного рейтинга физлица,1,supplemental
sup125,Что такое двойная запись в бухучёте?,Каждая операция отражается по дебету и кредиту,0,supplemental
sup126,Что такое двойная запись в бухучёте?,Каждая операция записывается дважды подряд без проводок,1,supplemental
sup127,Что такое ликвидность актива в общем смысле?,Способность быстро продать без существенной потери цены,0,supplemental
sup128,Что такое ликвидность актива в общем смысле?,Гарантия отсутствия риска дефолта,1,supplemental
sup129,Что такое инфляция?,Устойчивый рост общего уровня цен,0,supplemental
sup130,Что такое инфляция?,Снижение ВВП в один квартал,1,supplemental
sup131,Что такое идемпотентность HTTP-метода в REST?,"Повторный вызов даёт тот же эффект, что и один",0,supplemental
sup132,Что такое идемпотентность HTTP-метода в REST?,Метод всегда быстрее GET,1,supplemental
sup133,Для чего используют CI/CD?,"Автоматизация сборки, тестов и доставки",0,supplemental
sup134,Для чего используют CI/CD?,Только для резервного копирования баз данных,1,supplemental
sup135,Что такое контейнеризация (например Docker) на концептуальном уровне?,Изоляция приложения и зависимостей от хоста,0,supplemental
sup136,Что такое контейнеризация (например Docker) на концептуальном уровне?,Полная эмуляция другой ОС как у классической виртуализации,1,supplemental
sup137,Что такое unit-тест?,Тест отдельного модуля в изоляции,0,supplemental
sup138,Что такое unit-тест?,Тест только пользовательского интерфейса в браузере,1,supplemental
sup139,Что такое SLA?,Соглашение об уровне сервиса,0,supplemental
sup140,Что такое SLA?,Соглашение о ликвидации активов,1,supplemental
sup141,Какой орган кроветворения у взрослого человека?,Костный мозг,0,supplemental
sup142,Какой орган кроветворения у взрослого человека?,Печень,1,supplemental
sup143,Какая кислота в основном в желудочном соке?,Соляная кислота,0,supplemental
sup144,Какая кислота в основном в желудочном соке?,Уксусная кислота,1,supplemental
sup145,Кто предложил модель двойной спирали ДНК (классическая работа 1953)?,Уотсон и Крик,0,supplemental
sup146,Кто предложил модель двойной спирали ДНК (классическая работа 1953)?,Мендель,1,supplemental
sup147,Сколько сердец у обычного осьминога?,Три,0,supplemental
sup148,Сколько сердец у обычного осьминога?,Одно,1,supplemental
sup149,Какая самая высокая гора на Земле над уровнем моря?,Эверест,0,supplemental
sup150,Какая самая высокая гора на Земле над уровнем моря?,Килиманджаро,1,supplemental
sup151,В каком году началась Первая мировая война?,1914,0,supplemental
sup152,В каком году началась Первая мировая война?,1939,1,supplemental
sup153,Кто написал «Горе от ума»?,Александр Грибоедов,0,supplemental
sup154,Кто написал «Горе от ума»?,Николай Гоголь,1,supplemental
sup155,Какой язык официальный в Бразилии?,Португальский,0,supplemental
sup156,Какой язык официальный в Бразилии?,Испанский,1,supplemental
sup157,Какая частица отвечает за перенос сильного взаимодействия?,Глюон,0,supplemental
sup158,Какая частица отвечает за перенос сильного взаимодействия?,Фотон,1,supplemental
sup159,Сколько бит в одном байте?,8,0,supplemental
sup160,Сколько бит в одном байте?,16,1,supplemental
sup161,What does API stand for?,Application Programming Interface,0,supplemental
sup162,What does API stand for?,Automated Program Installation,1,supplemental
sup163,What is the purpose of a database index?,Speed up queries at the cost of extra storage/maintenance,0,supplemental
sup164,What is the purpose of a database index?,Encrypt data at rest automatically,1,supplemental
sup165,What is CAP theorem about?,"Trade-offs in distributed systems: consistency, availability, partition tolerance",0,supplemental
sup166,What is CAP theorem about?,Memory allocation in C++ compilers,1,supplemental
sup167,What is a deadlock in concurrent systems?,Threads waiting on each other indefinitely,0,supplemental
sup168,What is a deadlock in concurrent systems?,A network timeout after 30 seconds,1,supplemental
sup169,What is idempotency key used for in payments APIs?,Prevent duplicate processing of the same payment intent,0,supplemental
sup170,What is idempotency key used for in payments APIs?,Encrypt card PAN end-to-end,1,supplemental
sup171,What does GDPR primarily regulate?,Processing of personal data in the EU context,0,supplemental
sup172,What does GDPR primarily regulate?,Bank capital adequacy ratios globally,1,supplemental
sup173,What is zero trust security model about?,"Never trust, always verify (least privilege, continuous checks)",0,supplemental
sup174,What is zero trust security model about?,Removing all firewalls from the network,1,supplemental
sup175,What is a canary deployment?,Gradual rollout to a small subset before full release,0,supplemental
sup176,What is a canary deployment?,A backup data center in another continent,1,supplemental
sup177,Какой федеральный закон РФ в основном регулирует обработку персональных данных?,152-ФЗ,0,supplemental
sup178,Какой федеральный закон РФ в основном регулирует обработку персональных данных?,149-ФЗ,1,supplemental
sup179,Кто в РФ устанавливает ключевую ставку по кредитам коммерческим банкам (базовый инструмент политики)?,Банк России,0,supplemental
sup180,Кто в РФ устанавливает ключевую ставку по кредитам коммерческим банкам (базовый инструмент политики)?,Минфин России,1,supplemental
sup181,Что такое ГОСТ в общем смысле?,Государственный стандарт,0,supplemental
sup182,Что такое ГОСТ в общем смысле?,Государственный отраслевой тариф,1,supplemental
sup183,Сколько часовых поясов охватывает территория России (типичная оценка)?,11,0,supplemental
sup184,Сколько часовых поясов охватывает территория России (типичная оценка)?,5,1,supplemental
sup185,Какая река — самая длинная в России?,Лена,0,supplemental
sup186,Какая река — самая длинная в России?,Волга,1,supplemental
sup187,В каком городе находится штаб-квартира ООН?,Нью-Йорк,0,supplemental
sup188,В каком городе находится штаб-квартира ООН?,Женева,1,supplemental
sup189,Какой металл лучше всего проводит электричество среди распространённых?,Серебро,0,supplemental
sup190,Какой металл лучше всего проводит электричество среди распространённых?,Железо,1,supplemental
sup191,Как называется процесс превращения прямого солнечного света в химическую энергию растениями?,Фотосинтез,0,supplemental
sup192,Как называется процесс превращения прямого солнечного света в химическую энергию растениями?,Гликолиз,1,supplemental
sup193,Кто написал «Обломова»?,Иван Гончаров,0,supplemental
sup194,Кто написал «Обломова»?,Иван Тургенев,1,supplemental
sup195,Сколько игроков у каждой команды в футболе на поле?,11,0,supplemental
sup196,Сколько игроков у каждой команды в футболе на поле?,10,1,supplemental
sup197,Какая компания разработала язык TypeScript?,Microsoft,0,supplemental
sup198,Какая компания разработала язык TypeScript?,Google,1,supplemental
sup199,Что такое регулярное выражение (regex) в программировании?,Шаблон для поиска по тексту,0,supplemental
sup200,Что такое регулярное выражение (regex) в программировании?,Формат сериализации JSON,1,supplemental
sup201,В корпоративной ИТ-архитектуре: что такое Kubernetes?,оркестратор контейнеров,0,supplemental
sup202,В корпоративной ИТ-архитектуре: что такое Kubernetes?,реляционная СУБД для OLAP,1,supplemental
sup203,В корпоративной ИТ-архитектуре: что такое Docker?,платформа контейнеризации приложений,0,supplemental
sup204,В корпоративной ИТ-архитектуре: что такое Docker?,система управления сетевыми коммутаторами,1,supplemental
sup205,В корпоративной ИТ-архитектуре: что такое Helm?,пакетный менеджер для Kubernetes,0,supplemental
sup206,В корпоративной ИТ-архитектуре: что такое Helm?,оркестратор виртуальных машин VMware vSphere,1,supplemental
sup207,В корпоративной ИТ-архитектуре: что такое Prometheus?,сбор метрик и алертинг в формате time series,0,supplemental
sup208,В корпоративной ИТ-архитектуре: что такое Prometheus?,система тикетинга для ITSM,1,supplemental
sup209,В корпоративной ИТ-архитектуре: что такое Grafana?,визуализация метрик и дашборды,0,supplemental
sup210,В корпоративной ИТ-архитектуре: что такое Grafana?,реляционная база данных,1,supplemental
sup211,В корпоративной ИТ-архитектуре: что такое Apache Kafka?,распределённый лог сообщений (event streaming),0,supplemental
sup212,В корпоративной ИТ-архитектуре: что такое Apache Kafka?,протокол удалённого рабочего стола,1,supplemental
sup213,В корпоративной ИТ-архитектуре: что такое gRPC?,высокопроизводительный RPC на HTTP/2 и protobuf,0,supplemental
sup214,В корпоративной ИТ-архитектуре: что такое gRPC?,файловый протокол SMB,1,supplemental
sup215,В корпоративной ИТ-архитектуре: что такое REST API?,интерфейс на ресурсах и HTTP-методах,0,supplemental
sup216,В корпоративной ИТ-архитектуре: что такое REST API?,бинарный протокол только для видеопотоков,1,supplemental
sup217,В корпоративной ИТ-архитектуре: что такое OAuth 2.0?,делегирование доступа к ресурсам без передачи пароля,0,supplemental
sup218,В корпоративной ИТ-архитектуре: что такое OAuth 2.0?,шифрование диска на уровне ОС,1,supplemental
sup219,В корпоративной ИТ-архитектуре: что такое JWT?,подписанный токен с claims для аутентификации,0,supplemental
sup220,В корпоративной ИТ-архитектуре: что такое JWT?,формат сжатия изображений WebP,1,supplemental
sup221,В корпоративной ИТ-архитектуре: что такое LDAP?,протокол доступа к каталогу пользователей и групп,0,supplemental
sup222,В корпоративной ИТ-архитектуре: что такое LDAP?,протокол потокового видео RTSP,1,supplemental
sup223,В корпоративной ИТ-архитектуре: что такое CI/CD?,непрерывная интеграция и доставка артефактов,0,supplemental
sup224,В корпоративной ИТ-архитектуре: что такое CI/CD?,ручное копирование билдов по USB,1,supplemental
sup225,В корпоративной ИТ-архитектуре: что такое Terraform?,инфраструктура как код (IaC),0,supplemental
sup226,В корпоративной ИТ-архитектуре: что такое Terraform?,инструмент нагрузочного тестирования JMeter,1,supplemental
sup227,В корпоративной ИТ-архитектуре: что такое Ansible?,конфигурация без агента по SSH,0,supplemental
sup228,В корпоративной ИТ-архитектуре: что такое Ansible?,мониторинг метрик времени отклика APM,1,supplemental
sup229,В корпоративной ИТ-архитектуре: что такое Git?,распределённая система контроля версий,0,supplemental
sup230,В корпоративной ИТ-архитектуре: что такое Git?,протокол маршрутизации BGP,1,supplemental
sup231,В корпоративной ИТ-архитектуре: что такое Микросервисы?,независимо развёртываемые слабо связанные сервисы,0,supplemental
sup232,В корпоративной ИТ-архитектуре: что такое Микросервисы?,один монолитный процесс без API,1,supplemental
sup233,В корпоративной ИТ-архитектуре: что такое API Gateway?,"единая точка входа, маршрутизация и политики для API",0,supplemental
sup234,В корпоративной ИТ-архитектуре: что такое API Gateway?,хранилище бэкапов на ленте,1,supplemental
sup235,В корпоративной ИТ-архитектуре: что такое Service mesh (например Istio)?,управление трафиком mTLS и observability между сервисами,0,supplemental
sup236,В корпоративной ИТ-архитектуре: что такое Service mesh (например Istio)?,кластерная файловая система HDFS,1,supplemental
sup237,В корпоративной ИТ-архитектуре: что такое Blue-green deployment?,два идентичных окружения с переключением трафика,0,supplemental
sup238,В корпоративной ИТ-архитектуре: что такое Blue-green deployment?,канареечный релиз без второго окружения,1,supplemental
sup239,В корпоративной ИТ-архитектуре: что такое SLA?,договорённость об уровне сервиса (доступность и т.д.),0,supplemental
sup240,В корпоративной ИТ-архитектуре: что такое SLA?,метрика использования CPU в контейнере,1,supplemental
sup241,В корпоративной ИТ-архитектуре: что такое CAP-теорема?,"в распределённой системе нельзя одновременно гарантировать C, A и P при сетевом разделении",0,supplemental
sup242,В корпоративной ИТ-архитектуре: что такое CAP-теорема?,все три свойства всегда достижимы без компромиссов,1,supplemental
sup243,В корпоративной ИТ-архитектуре: что такое CQRS?,разделение команд и запросов для разных моделей,0,supplemental
sup244,В корпоративной ИТ-архитектуре: что такое CQRS?,шифрование данных на транспортном уровне TLS,1,supplemental
sup245,В корпоративной ИТ-архитектуре: что такое Event sourcing?,хранение последовательности событий как источника истины,0,supplemental
sup246,В корпоративной ИТ-архитектуре: что такое Event sourcing?,хранение только последнего снимка без истории,1,supplemental
sup247,В корпоративной ИТ-архитектуре: что такое 12-factor app?,"методология облачных приложений (конфиг, логи, порты)",0,supplemental
sup248,В корпоративной ИТ-архитектуре: что такое 12-factor app?,набор правил оформления SQL-запросов,1,supplemental
sup249,В корпоративной ИТ-архитектуре: что такое CDN?,геораспределённое кэширование статического контента,0,supplemental
sup250,В корпоративной ИТ-архитектуре: что такое CDN?,централизованный LDAP-каталог,1,supplemental
sup251,В корпоративной ИТ-архитектуре: что такое WAF?,фильтрация HTTP-атак на уровне приложения,0,supplemental
sup252,В корпоративной ИТ-архитектуре: что такое WAF?,межсетевой экран только на уровне IP без L7,1,supplemental
sup253,В корпоративной ИТ-архитектуре: что такое Feature flags?,включение функций без нового деплоя,0,supplemental
sup254,В корпоративной ИТ-архитектуре: что такое Feature flags?,версионирование схемы базы данных Flyway,1,supplemental
sup255,В корпоративной ИТ-архитектуре: что такое Idempotency ключа в API?,повтор запроса не меняет результат сверх ожидания,0,supplemental
sup256,В корпоративной ИТ-архитектуре: что такое Idempotency ключа в API?,гарантия ровно одной доставки без дедупликации,1,supplemental
sup257,В корпоративной ИТ-архитектуре: что такое Kubernetes Pod?,минимальная развёртываемая единица с контейнерами,0,supplemental
sup258,В корпоративной ИТ-архитектуре: что такое Kubernetes Pod?,постоянный том SAN вне кластера,1,supplemental
sup259,В корпоративной ИТ-архитектуре: что такое Horizontal Pod Autoscaler?,масштабирование реплик по метрикам,0,supplemental
sup260,В корпоративной ИТ-архитектуре: что такое Horizontal Pod Autoscaler?,ручное изменение числа нод без метрик,1,supplemental
sup261,В корпоративной ИТ-архитектуре: что такое Ingress в Kubernetes?,правила входящего HTTP/S трафика в кластер,0,supplemental
sup262,В корпоративной ИТ-архитектуре: что такое Ingress в Kubernetes?,исходящий egress-only файрвол без маршрутов,1,supplemental
sup263,В корпоративной ИТ-архитектуре: что такое StatefulSet?,упорядоченное развёртывание stateful-приложений,0,supplemental
sup264,В корпоративной ИТ-архитектуре: что такое StatefulSet?,разовый Job без сохранения идентичности,1,supplemental
sup265,В корпоративной ИТ-архитектуре: что такое CronJob в Kubernetes?,периодические задачи по расписанию,0,supplemental
sup266,В корпоративной ИТ-архитектуре: что такое CronJob в Kubernetes?,DaemonSet на каждой ноде,1,supplemental
sup267,В корпоративной ИТ-архитектуре: что такое RBAC в Kubernetes?,роли и привязки для доступа к API,0,supplemental
sup268,В корпоративной ИТ-архитектуре: что такое RBAC в Kubernetes?,шифрование секретов AES без политик доступа,1,supplemental
sup269,В корпоративной ИТ-архитектуре: что такое NetworkPolicy?,сегментация трафика между подами,0,supplemental
sup270,В корпоративной ИТ-архитектуре: что такое NetworkPolicy?,балансировка L7 без политик,1,supplemental
sup271,В корпоративной ИТ-архитектуре: что такое Helm chart?,шаблон манифестов и values для релиза,0,supplemental
sup272,В корпоративной ИТ-архитектуре: что такое Helm chart?,образ контейнера без манифестов,1,supplemental
sup273,В корпоративной ИТ-архитектуре: что такое Canary deployment?,постепенный перевод трафика на новую версию,0,supplemental
sup274,В корпоративной ИТ-архитектуре: что такое Canary deployment?,мгновенное 100% переключение без метрик,1,supplemental
sup275,В корпоративной ИТ-архитектуре: что такое Distributed tracing (OpenTelemetry)?,сквозные трассировки запросов между сервисами,0,supplemental
sup276,В корпоративной ИТ-архитектуре: что такое Distributed tracing (OpenTelemetry)?,только агрегированные логи без correlation id,1,supplemental
sup277,В корпоративной ИТ-архитектуре: что такое Dead letter queue?,"очередь для сообщений, которые нельзя обработать",0,supplemental
sup278,В корпоративной ИТ-архитектуре: что такое Dead letter queue?,очередь с гарантией FIFO без повторов,1,supplemental
sup279,В корпоративной ИТ-архитектуре: что такое Circuit breaker?,остановка каскадных сбоев при деградации зависимости,0,supplemental
sup280,В корпоративной ИТ-архитектуре: что такое Circuit breaker?,увеличение таймаутов без ограничения вызовов,1,supplemental
sup281,В корпоративной информационной безопасности: что описывает или означает «OWASP Top 10»?,обзор критичных веб-уязвимостей,0,supplemental
sup282,В корпоративной информационной безопасности: что описывает или означает «OWASP Top 10»?,стандарт шифрования дисков BitLocker,1,supplemental
sup283,В корпоративной информационной безопасности: что описывает или означает «XSS»?,"внедрение скрипта в контент, исполняемый браузером",0,supplemental
sup284,В корпоративной информационной безопасности: что описывает или означает «XSS»?,перехват пакетов на канальном уровне L2,1,supplemental
sup285,В корпоративной информационной безопасности: что описывает или означает «CSRF»?,принуждение браузера выполнить действие от имени пользователя,0,supplemental
sup286,В корпоративной информационной безопасности: что описывает или означает «CSRF»?,угадывание пароля методом перебора,1,supplemental
sup287,В корпоративной информационной безопасности: что описывает или означает «SQL-инъекция»?,внедрение SQL через недостаточную фильтрацию входа,0,supplemental
sup288,В корпоративной информационной безопасности: что описывает или означает «SQL-инъекция»?,атака на физический слой Wi-Fi,1,supplemental
sup289,В корпоративной информационной безопасности: что описывает или означает «TLS 1.3»?,современный протокол записи с минимальным RTT handshake,0,supplemental
sup290,В корпоративной информационной безопасности: что описывает или означает «TLS 1.3»?,протокол передачи файлов FTP без шифрования,1,supplemental
sup291,В корпоративной информационной безопасности: что описывает или означает «AES-256»?,симметричное блочное шифрование с ключом 256 бит,0,supplemental
sup292,В корпоративной информационной безопасности: что описывает или означает «AES-256»?,асимметричный алгоритм RSA-2048 для сеансовых ключей без гибрида,1,supplemental
sup293,В корпоративной информационной безопасности: что описывает или означает «MFA»?,несколько факторов аутентификации,0,supplemental
sup294,В корпоративной информационной безопасности: что описывает или означает «MFA»?,один только пароль без второго фактора,1,supplemental
sup295,В корпоративной информационной безопасности: что описывает или означает «RBAC»?,роли и права доступа к объектам,0,supplemental
sup296,В корпоративной информационной безопасности: что описывает или означает «RBAC»?,биометрия как единственный фактор без политик,1,supplemental
sup297,В корпоративной информационной безопасности: что описывает или означает «Принцип наименьших привилегий»?,минимально необходимые права для задачи,0,supplemental
sup298,В корпоративной информационной безопасности: что описывает или означает «Принцип наименьших привилегий»?,выдача admin всем сервисным учёткам,1,supplemental
sup299,В корпоративной информационной безопасности: что описывает или означает «Zero Trust»?,"не доверять по умолчанию, проверять каждый доступ",0,supplemental
sup300,В корпоративной информационной безопасности: что описывает или означает «Zero Trust»?,доверие внутри периметра без проверок,1,supplemental
sup301,В корпоративной информационной безопасности: что описывает или означает «EDR»?,мониторинг конечных точек и реагирование на инциденты,0,supplemental
sup302,В корпоративной информационной безопасности: что описывает или означает «EDR»?,только сетевой IDS без агентов на хостах,1,supplemental
sup303,В корпоративной информационной безопасности: что описывает или означает «DLP»?,предотвращение утечек конфиденциальных данных,0,supplemental
sup304,В корпоративной информационной безопасности: что описывает или означает «DLP»?,распределённая трассировка микросервисов,1,supplemental
sup305,В корпоративной информационной безопасности: что описывает или означает «SIEM»?,корреляция событий безопасности из многих источников,0,supplemental
sup306,В корпоративной информационной безопасности: что описывает или означает «SIEM»?,только антивирусные сигнатуры на одном хосте,1,supplemental
sup307,В корпоративной информационной безопасности: что описывает или означает «Пентест»?,согласованная имитация атаки для поиска уязвимостей,0,supplemental
sup308,В корпоративной информационной безопасности: что описывает или означает «Пентест»?,непрерывный деплой приложений,1,supplemental
sup309,В корпоративной информационной безопасности: что описывает или означает «Air gap»?,изолированная сеть без прямого выхода в интернет,0,supplemental
sup310,В корпоративной информационной безопасности: что описывает или означает «Air gap»?,VPN поверх публичного Wi-Fi без изоляции,1,supplemental
sup311,В корпоративной информационной безопасности: что описывает или означает «VPN site-to-site»?,зашифрованный туннель между площадками,0,supplemental
sup312,В корпоративной информационной безопасности: что описывает или означает «VPN site-to-site»?,простой NAT без шифрования,1,supplemental
sup313,В корпоративной информационной безопасности: что описывает или означает «IPsec»?,набор протоколов для защищённой передачи на сетевом уровне,0,supplemental
sup314,В корпоративной информационной безопасности: что описывает или означает «IPsec»?,прикладной протокол SMTP,1,supplemental
sup315,В корпоративной информационной безопасности: что описывает или означает «HSTS»?,принудительный HTTPS для домена в браузере,0,supplemental
sup316,В корпоративной информационной безопасности: что описывает или означает «HSTS»?,сжатие HTTP-ответов gzip,1,supplemental
sup317,В корпоративной информационной безопасности: что описывает или означает «CSP»?,политика источников для снижения XSS,0,supplemental
sup318,В корпоративной информационной безопасности: что описывает или означает «CSP»?,кэширование статики на CDN,1,supplemental
sup319,В корпоративной информационной безопасности: что описывает или означает «Сегментация сети»?,ограничение горизонтального перемещения атакующего,0,supplemental
sup320,В корпоративной информационной безопасности: что описывает или означает «Сегментация сети»?,одна плоская VLAN без ACL,1,supplemental
sup321,В корпоративной информационной безопасности: что описывает или означает «Секреты в Vault»?,централизованное хранение и ротация секретов,0,supplemental
sup322,В корпоративной информационной безопасности: что описывает или означает «Секреты в Vault»?,секреты в git-репозитории в открытом виде,1,supplemental
sup323,В корпоративной информационной безопасности: что описывает или означает «Подпись кода»?,гарантия целостности и автора артефакта,0,supplemental
sup324,В корпоративной информационной безопасности: что описывает или означает «Подпись кода»?,только хеш файла без криптоподписи,1,supplemental
sup325,В корпоративной информационной безопасности: что описывает или означает «SOC 2 Type II»?,аудит контролей безопасности и доступности поставщика,0,supplemental
sup326,В корпоративной информационной безопасности: что описывает или означает «SOC 2 Type II»?,сертификат PCI DSS для карт без различия типов,1,supplemental
sup327,В корпоративной информационной безопасности: что описывает или означает «Классификация данных»?,метки конфиденциальности и правила обработки,0,supplemental
sup328,В корпоративной информационной безопасности: что описывает или означает «Классификация данных»?,хранение всех данных в одном bucket без меток,1,supplemental
sup329,В корпоративной информационной безопасности: что описывает или означает «Инцидент-менеджмент»?,регламент реагирования и эскалации,0,supplemental
sup330,В корпоративной информационной безопасности: что описывает или означает «Инцидент-менеджмент»?,только резервное копирование без плана реагирования,1,supplemental
sup331,В корпоративной информационной безопасности: что описывает или означает «Фишинг»?,социальная инженерия для кражи учётных данных,0,supplemental
sup332,В корпоративной информационной безопасности: что описывает или означает «Фишинг»?,эксплуатация переполнения буфера в ядре,1,supplemental
sup333,В корпоративной информационной безопасности: что описывает или означает «Ransomware»?,шифрование данных с требованием выкупа,0,supplemental
sup334,В корпоративной информационной безопасности: что описывает или означает «Ransomware»?,DDoS на уровне L3 без шифрования,1,supplemental
sup335,В корпоративной информационной безопасности: что описывает или означает «MITM»?,перехват или подмена канала между сторонами,0,supplemental
sup336,В корпоративной информационной безопасности: что описывает или означает «MITM»?,атака на словарь паролей офлайн,1,supplemental
sup337,В корпоративной информационной безопасности: что описывает или означает «Token bucket (rate limiting)»?,ограничение частоты запросов,0,supplemental
sup338,В корпоративной информационной безопасности: что описывает или означает «Token bucket (rate limiting)»?,неограниченный burst без квот,1,supplemental
sup339,В корпоративной информационной безопасности: что описывает или означает «WAF правило OWASP CRS»?,блокировка типовых веб-атак по сигнатурам,0,supplemental
sup340,В корпоративной информационной безопасности: что описывает или означает «WAF правило OWASP CRS»?,замена MFA на одноразовые пароли в SMS без защиты SIM,1,supplemental
sup341,В корпоративной информационной безопасности: что описывает или означает «Шифрование данных at rest»?,защита на носителе ключами KMS,0,supplemental
sup342,В корпоративной информационной безопасности: что описывает или означает «Шифрование данных at rest»?,только шифрование канала без защиты диска,1,supplemental
sup343,В корпоративной информационной безопасности: что описывает или означает «Журналирование доступа»?,аудит кто и когда обращался к ресурсу,0,supplemental
sup344,В корпоративной информационной безопасности: что описывает или означает «Журналирование доступа»?,только метрики CPU без пользовательских событий,1,supplemental
sup345,В корпоративной информационной безопасности: что описывает или означает «Согласие на обработку ПДн»?,юридическое основание по 152-ФЗ в РФ (контекст),0,supplemental
sup346,В корпоративной информационной безопасности: что описывает или означает «Согласие на обработку ПДн»?,автоматическая публикация ПДн в открытый репозиторий,1,supplemental
sup347,В корпоративной информационной безопасности: что описывает или означает «Маскирование ПДн в non-prod»?,замена реальных значений тестовыми,0,supplemental
sup348,В корпоративной информационной безопасности: что описывает или означает «Маскирование ПДн в non-prod»?,копирование прод-данных без изменений в dev,1,supplemental
sup349,В корпоративной информационной безопасности: что описывает или означает «Bug bounty»?,вознаграждение за ответственное раскрытие уязвимостей,0,supplemental
sup350,В корпоративной информационной безопасности: что описывает или означает «Bug bounty»?,скрытое использование уязвимостей без отчёта,1,supplemental
sup351,В корпоративной информационной безопасности: что описывает или означает «Red team exercise»?,симуляция противника против защит,0,supplemental
sup352,В корпоративной информационной безопасности: что описывает или означает «Red team exercise»?,нагрузочное тестирование без модели угроз,1,supplemental
sup353,В корпоративной информационной безопасности: что описывает или означает «Security by design»?,требования безопасности с этапа проектирования,0,supplemental
sup354,В корпоративной информационной безопасности: что описывает или означает «Security by design»?,добавление TLS только после инцидента,1,supplemental
sup355,В корпоративной информационной безопасности: что описывает или означает «Песочница (sandbox)»?,изолированное выполнение недоверенного кода,0,supplemental
sup356,В корпоративной информационной безопасности: что описывает или означает «Песочница (sandbox)»?,запуск кода с правами root в проде,1,supplemental
sup357,В корпоративной информационной безопасности: что описывает или означает «Контроль целостности конфигурации»?,обнаружение несанкционированных изменений,0,supplemental
sup358,В корпоративной информационной безопасности: что описывает или означает «Контроль целостности конфигурации»?,ручное редактирование без версионирования,1,supplemental
sup359,В корпоративных финансах и учёте: что верно про «EBITDA»?,"прибыль до процентов, налогов и амортизации (упрощённо)",0,supplemental
sup360,В корпоративных финансах и учёте: что верно про «EBITDA»?,чистая прибыль после налогов и дивидендов,1,supplemental
sup361,В корпоративных финансах и учёте: что верно про «NPV»?,приведённая стоимость потоков с учётом ставки дисконтирования,0,supplemental
sup362,В корпоративных финансах и учёте: что верно про «NPV»?,номинальная сумма без дисконтирования,1,supplemental
sup363,В корпоративных финансах и учёте: что верно про «IRR»?,"ставка, при которой NPV проекта равен нулю",0,supplemental
sup364,В корпоративных финансах и учёте: что верно про «IRR»?,средневзвешенная стоимость капитала без внутренней доходности,1,supplemental
sup365,В корпоративных финансах и учёте: что верно про «Ликвидность предприятия»?,способность погашать краткосрочные обязательства,0,supplemental
sup366,В корпоративных финансах и учёте: что верно про «Ликвидность предприятия»?,долгосрочная рентабельность продаж,1,supplemental
sup367,В корпоративных финансах и учёте: что верно про «Дериватив»?,"финансовый контракт, цена которого зависит от базового актива",0,supplemental
sup368,В корпоративных финансах и учёте: что верно про «Дериватив»?,только наличные депозиты без условных выплат,1,supplemental
sup369,В корпоративных финансах и учёте: что верно про «Хеджирование»?,снижение ценового риска противопозицией,0,supplemental
sup370,В корпоративных финансах и учёте: что верно про «Хеджирование»?,увеличение кредитного плеча без ограничений,1,supplemental
sup371,В корпоративных финансах и учёте: что верно про «Консолидированная отчётность»?,объединение показателей группы компаний,0,supplemental
sup372,В корпоративных финансах и учёте: что верно про «Консолидированная отчётность»?,только отчётность одной юрисдикции без дочерних,1,supplemental
sup373,В корпоративных финансах и учёте: что верно про «Goodwill»?,превышение цены покупки над справедливой стоимостью чистых активов,0,supplemental
sup374,В корпоративных финансах и учёте: что верно про «Goodwill»?,материальные основные средства,1,supplemental
sup375,В корпоративных финансах и учёте: что верно про «Амортизация нематериальных активов»?,систематическое списание стоимости НМА,0,supplemental
sup376,В корпоративных финансах и учёте: что верно про «Амортизация нематериальных активов»?,немедленное списание всей стоимости в OPEX одним платежом,1,supplemental
sup377,В корпоративных финансах и учёте: что верно про «Free cash flow»?,денежный поток после капекс для распределения,0,supplemental
sup378,В корпоративных финансах и учёте: что верно про «Free cash flow»?,выручка без учёта OPEX,1,supplemental
sup379,В корпоративных финансах и учёте: что верно про «Кредитный риск»?,риск неисполнения контрагентом обязательств,0,supplemental
sup380,В корпоративных финансах и учёте: что верно про «Кредитный риск»?,риск колебания сырьевых цен без контрагентов,1,supplemental
sup381,В корпоративных финансах и учёте: что верно про «Рыночный риск»?,риск изменения рыночных цен/ставок,0,supplemental
sup382,В корпоративных финансах и учёте: что верно про «Рыночный риск»?,риск ошибки в бухгалтерской проводке,1,supplemental
sup383,В корпоративных финансах и учёте: что верно про «Операционный риск»?,"потери из процессов, людей, систем",0,supplemental
sup384,В корпоративных финансах и учёте: что верно про «Операционный риск»?,только валютный риск экспортёра,1,supplemental
sup385,В корпоративных финансах и учёте: что верно про «Стресс-тест ликвидности»?,оценка устойчивости при шоковых сценариях,0,supplemental
sup386,В корпоративных финансах и учёте: что верно про «Стресс-тест ликвидности»?,ежедневный учёт кассовых разрывов без сценариев,1,supplemental
sup387,В корпоративных финансах и учёте: что верно про «AML/KYC в банке»?,противодействие отмыванию и идентификация клиента,0,supplemental
sup388,В корпоративных финансах и учёте: что верно про «AML/KYC в банке»?,только маркетинговая сегментация без compliance,1,supplemental
sup389,В корпоративных финансах и учёте: что верно про «Платёжная инфраструктура (контекст НСПК/карт)»?,обработка картточных операций и клиринг в стране,0,supplemental
sup390,В корпоративных финансах и учёте: что верно про «Платёжная инфраструктура (контекст НСПК/карт)»?,криптовалютный майнинг как основной продукт банка,1,supplemental
sup391,В корпоративных финансах и учёте: что верно про «SWIFT»?,сеть финансовых сообщений между банками,0,supplemental
sup392,В корпоративных финансах и учёте: что верно про «SWIFT»?,внутренняя бухгалтерская книга одного банка,1,supplemental
sup393,В корпоративных финансах и учёте: что верно про «Базель III (общий смысл)»?,требования к капиталу и ликвидности банков,0,supplemental
sup394,В корпоративных финансах и учёте: что верно про «Базель III (общий смысл)»?,стандарт кодирования видео H.265,1,supplemental
sup395,В корпоративных финансах и учёте: что верно про «IFRS (общий смысл)»?,международные стандарты финансовой отчётности,0,supplemental
sup396,В корпоративных финансах и учёте: что верно про «IFRS (общий смысл)»?,локальный стандарт только для налогового учёта без МСФО,1,supplemental
sup397,В корпоративных финансах и учёте: что верно про «Дюрация облигации»?,чувствительность цены к изменению ставок,0,supplemental
sup398,В корпоративных финансах и учёте: что верно про «Дюрация облигации»?,купонный доход без учёта ставок,1,supplemental
sup399,В корпоративных финансах и учёте: что верно про «Кредитный рейтинг»?,оценка кредитоспособности эмитента,0,supplemental
sup400,В корпоративных финансах и учёте: что верно про «Кредитный рейтинг»?,текущая цена акции на бирже,1,supplemental
sup401,В корпоративных финансах и учёте: что верно про «Волатильность актива»?,мера разброса доходности,0,supplemental
sup402,В корпоративных финансах и учёте: что верно про «Волатильность актива»?,номинал облигации,1,supplemental
sup403,В корпоративных финансах и учёте: что верно про «Процентный риск»?,риск изменения ставок для стоимости инструментов,0,supplemental
sup404,В корпоративных финансах и учёте: что верно про «Процентный риск»?,риск кражи наличных из кассы,1,supplemental
sup405,В корпоративных финансах и учёте: что верно про «Соответствие санкционным спискам»?,фильтрация контрагентов и платежей,0,supplemental
sup406,В корпоративных финансах и учёте: что верно про «Соответствие санкционным спискам»?,только маркетинговая рассылка без проверок,1,supplemental
sup407,В корпоративных финансах и учёте: что верно про «Сегрегация обязанностей в финансах»?,разделение функций для снижения мошенничества,0,supplemental
sup408,В корпоративных финансах и учёте: что верно про «Сегрегация обязанностей в финансах»?,один человек полностью проводит и утверждает платёж,1,supplemental
sup409,В корпоративных финансах и учёте: что верно про «Закрытие отчётного периода»?,фиксация проводок и отчётности на дату,0,supplemental
sup410,В корпоративных финансах и учёте: что верно про «Закрытие отчётного периода»?,непрерывное обновление баланса без cut-off,1,supplemental
sup411,В корпоративных финансах и учёте: что верно про «Резерв под ожидаемые кредитные убытки»?,оценка будущих потерь по ссудам,0,supplemental
sup412,В корпоративных финансах и учёте: что верно про «Резерв под ожидаемые кредитные убытки»?,немедленное списание только при банкротстве без оценки,1,supplemental
sup413,В корпоративных финансах и учёте: что верно про «Справедливая стоимость (fair value)»?,цена сделки между осведомлёнными сторонами,0,supplemental
sup414,В корпоративных финансах и учёте: что верно про «Справедливая стоимость (fair value)»?,историческая себестоимость без пероценки,1,supplemental
sup415,В корпоративных финансах и учёте: что верно про «Денежный поток от операций»?,ОДП/OCF из основной деятельности,0,supplemental
sup416,В корпоративных финансах и учёте: что верно про «Денежный поток от операций»?,только выручка без изменения оборотного капитала,1,supplemental
sup417,В корпоративных финансах и учёте: что верно про «Коэффициент текущей ликвидности»?,оборотные активы к краткосрочным обязательствам,0,supplemental
sup418,В корпоративных финансах и учёте: что верно про «Коэффициент текущей ликвидности»?,чистая прибыль к выручке,1,supplemental
sup419,В корпоративных финансах и учёте: что верно про «Стоимость привлечённого капитала WACC»?,средневзвешенная цена источников финансирования,0,supplemental
sup420,В корпоративных финансах и учёте: что верно про «Стоимость привлечённого капитала WACC»?,только ставка по одному кредиту без доли капитала,1,supplemental
sup421,В корпоративных финансах и учёте: что верно про «Сценарный анализ»?,несколько вариантов развития показателей,0,supplemental
sup422,В корпоративных финансах и учёте: что верно про «Сценарный анализ»?,один фиксированный прогноз без чувствительности,1,supplemental
sup423,В корпоративных финансах и учёте: что верно про «Показатель рентабельности продаж»?,отношение прибыли к выручке,0,supplemental
sup424,В корпоративных финансах и учёте: что верно про «Показатель рентабельности продаж»?,оборачиваемость запасов в днях,1,supplemental
sup425,В корпоративных финансах и учёте: что верно про «Управленческий учёт»?,внутренние отчёты для решений,0,supplemental
sup426,В корпоративных финансах и учёте: что верно про «Управленческий учёт»?,только публичная отчётность по МСФО без внутренних центров затрат,1,supplemental
sup427,В корпоративных финансах и учёте: что верно про «Центр финансовой ответственности»?,подразделение с бюджетом и P&L,0,supplemental
sup428,В корпоративных финансах и учёте: что верно про «Центр финансовой ответственности»?,только IT-служба без финансовых KPI,1,supplemental
sup429,В корпоративных финансах и учёте: что верно про «Transfer pricing»?,цены между связанными сторонами для налоговых целей,0,supplemental
sup430,В корпоративных финансах и учёте: что верно про «Transfer pricing»?,рыночная цена только для внешних клиентов без правил,1,supplemental
sup431,В корпоративных финансах и учёте: что верно про «Лизинг vs кредит (общий смысл)»?,лизинг связан с активом и может передавать риски,0,supplemental
sup432,В корпоративных финансах и учёте: что верно про «Лизинг vs кредит (общий смысл)»?,лизинг всегда идентичен потребительскому кредиту наличными,1,supplemental
sup433,В корпоративных финансах и учёте: что верно про «Дивидендная политика»?,правила распределения прибыли акционерам,0,supplemental
sup434,В корпоративных финансах и учёте: что верно про «Дивидендная политика»?,эмиссия облигаций для рефинансирования без акционеров,1,supplemental
sup435,В корпоративных финансах и учёте: что верно про «Капитальные затраты (CAPEX)»?,инвестиции в долгосрочные активы,0,supplemental
sup436,В корпоративных финансах и учёте: что верно про «Капитальные затраты (CAPEX)»?,ежедневные операционные расходы на зарплату,1,supplemental
sup437,В корпоративных финансах и учёте: что верно про «Операционные расходы (OPEX)»?,текущие затраты периода,0,supplemental
sup438,В корпоративных финансах и учёте: что верно про «Операционные расходы (OPEX)»?,покупка здания на баланс как долгосрочный актив,1,supplemental
sup439,В корпоративных финансах и учёте: что верно про «Конвертация валюты по курсу ЦБ (контекст)»?,использование официального курса для учёта,0,supplemental
sup440,В корпоративных финансах и учёте: что верно про «Конвертация валюты по курсу ЦБ (контекст)»?,произвольный курс без источника,1,supplemental
sup441,В корпоративных финансах и учёте: что верно про «Процентный риск ликвидности»?,неспособность профинансировать обязательства,0,supplemental
sup442,В корпоративных финансах и учёте: что верно про «Процентный риск ликвидности»?,риск снижения курса акций без связи с платежами,1,supplemental
sup443,В корпоративных финансах и учёте: что верно про «Сделка РЕПО»?,краткосрочная сделка с ценными бумагами и обратным выкупом,0,supplemental
sup444,В корпоративных финансах и учёте: что верно про «Сделка РЕПО»?,бессрочный вклад физлица,1,supplemental
sup445,В корпоративных финансах и учёте: что верно про «Фондовая биржа (роль)»?,организованный рынок ценных бумаг,0,supplemental
sup446,В корпоративных финансах и учёте: что верно про «Фондовая биржа (роль)»?,клиринговый центр только для карт,1,supplemental
sup447,В корпоративных финансах и учёте: что верно про «Эскроу-счёт»?,блокировка средств до условий сделки,0,supplemental
sup448,В корпоративных финансах и учёте: что верно про «Эскроу-счёт»?,текущий счёт без ограничений,1,supplemental
sup449,В корпоративных финансах и учёте: что верно про «Стресс по кредитному портфелю»?,оценка потерь при ухудшении макро,0,supplemental
sup450,В корпоративных финансах и учёте: что верно про «Стресс по кредитному портфелю»?,расчёт только исторических дефолтов без сценария,1,supplemental
sup451,В инженерной практике ПО и сетей: что верно про «Модель OSI»?,семь уровней сетевого взаимодействия,0,supplemental
sup452,В инженерной практике ПО и сетей: что верно про «Модель OSI»?,пять уровней без транспортного и сеансового,1,supplemental
sup453,В инженерной практике ПО и сетей: что верно про «TCP против UDP»?,"TCP — надёжная доставка с установкой соединения; UDP — без гарантий, быстрее для потоков",0,supplemental
sup454,В инженерной практике ПО и сетей: что верно про «TCP против UDP»?,UDP всегда надёжнее TCP для файлов,1,supplemental
sup455,В инженерной практике ПО и сетей: что верно про «DNS»?,система имён доменов и разрешения в IP,0,supplemental
sup456,В инженерной практике ПО и сетей: что верно про «DNS»?,протокол маршрутизации между автономными системами,1,supplemental
sup457,В инженерной практике ПО и сетей: что верно про «HTTP 404»?,ресурс не найден,0,supplemental
sup458,В инженерной практике ПО и сетей: что верно про «HTTP 404»?,ошибка сервера 500,1,supplemental
sup459,В инженерной практике ПО и сетей: что верно про «Идемпотентность PUT»?,повтор запроса оставляет ресурс в том же состоянии,0,supplemental
sup460,В инженерной практике ПО и сетей: что верно про «Идемпотентность PUT»?,каждый PUT создаёт новый ресурс с новым id,1,supplemental
sup461,В инженерной практике ПО и сетей: что верно про «ACID в транзакциях»?,"атомарность, согласованность, изоляция, долговечность",0,supplemental
sup462,В инженерной практике ПО и сетей: что верно про «ACID в транзакциях»?,только eventual consistency без изоляции,1,supplemental
sup463,В инженерной практике ПО и сетей: что верно про «Eventual consistency»?,реплики сходятся со временем при отсутствии новых обновлений,0,supplemental
sup464,В инженерной практике ПО и сетей: что верно про «Eventual consistency»?,строгая линейная согласованность каждой записи,1,supplemental
sup465,В инженерной практике ПО и сетей: что верно про «CAP: при сетевом разделении»?,выбор между согласованностью и доступностью,0,supplemental
sup466,В инженерной практике ПО и сетей: что верно про «CAP: при сетевом разделении»?,гарантия всех трёх без компромиссов,1,supplemental
sup467,В инженерной практике ПО и сетей: что верно про «QUIC поверх UDP»?,снижение задержек установления соединения,0,supplemental
sup468,В инженерной практике ПО и сетей: что верно про «QUIC поверх UDP»?,чистый TCP без шифрования,1,supplemental
sup469,В инженерной практике ПО и сетей: что верно про «HTTP/3»?,использует QUIC вместо TCP,0,supplemental
sup470,В инженерной практике ПО и сетей: что верно про «HTTP/3»?,основан только на HTTP/1.1 keep-alive без изменений транспорта,1,supplemental
sup471,В инженерной практике ПО и сетей: что верно про «Согласованное хеширование»?,распределение ключей при изменении числа узлов,0,supplemental
sup472,В инженерной практике ПО и сетей: что верно про «Согласованное хеширование»?,случайное распределение без учёта кольца,1,supplemental
sup473,В инженерной практике ПО и сетей: что верно про «LRU-кэш»?,вытеснение давно неиспользуемых элементов,0,supplemental
sup474,В инженерной практике ПО и сетей: что верно про «LRU-кэш»?,вытеснение самых больших объектов без учёта времени,1,supplemental
sup475,В инженерной практике ПО и сетей: что верно про «B-дерево в БД»?,сбалансированное дерево для индексов на диске,0,supplemental
sup476,В инженерной практике ПО и сетей: что верно про «B-дерево в БД»?,структура только для in-memory без страниц,1,supplemental
sup477,В инженерной практике ПО и сетей: что верно про «LSM-дерево»?,буферизация записей и слияние уровней для write-heavy,0,supplemental
sup478,В инженерной практике ПО и сетей: что верно про «LSM-дерево»?,только для read-only архивов без записи,1,supplemental
sup479,В инженерной практике ПО и сетей: что верно про «Взаимная блокировка (deadlock)»?,цикл ожидания захватов ресурсов,0,supplemental
sup480,В инженерной практике ПО и сетей: что верно про «Взаимная блокировка (deadlock)»?,один поток без конкуренции,1,supplemental
sup481,В инженерной практике ПО и сетей: что верно про «Мьютекс и семафор»?,мьютекс — взаимное исключение; семафор — счётчик допусков,0,supplemental
sup482,В инженерной практике ПО и сетей: что верно про «Мьютекс и семафор»?,семафор всегда бинарный как мьютекс без различий,1,supplemental
sup483,В инженерной практике ПО и сетей: что верно про «Сборка мусора в управляемых языках»?,автоматическое освобождение неиспользуемых объектов,0,supplemental
sup484,В инженерной практике ПО и сетей: что верно про «Сборка мусора в управляемых языках»?,ручное free() для каждого указателя как в C,1,supplemental
sup485,В инженерной практике ПО и сетей: что верно про «Big O для бинарного поиска в отсортированном массиве»?,O(log n),0,supplemental
sup486,В инженерной практике ПО и сетей: что верно про «Big O для бинарного поиска в отсортированном массиве»?,O(n^2),1,supplemental
sup487,В инженерной практике ПО и сетей: что верно про «Плавающая точка: сравнение на равенство»?,опасно из-за погрешности; использовать epsilon,0,supplemental
sup488,В инженерной практике ПО и сетей: что верно про «Плавающая точка: сравнение на равенство»?,всегда безопасно через ==,1,supplemental
sup489,В инженерной практике ПО и сетей: что верно про «Векторные часы»?,сравнение причинно-следственных событий в распределённых системах,0,supplemental
sup490,В инженерной практике ПО и сетей: что верно про «Векторные часы»?,синхронизация только по wall-clock без дрейфа,1,supplemental
sup491,В инженерной практике ПО и сетей: что верно про «CRDT»?,структуры данных для согласованности без блокировок,0,supplemental
sup492,В инженерной практике ПО и сетей: что верно про «CRDT»?,только для реляционных join без коммутативности,1,supplemental
sup493,В инженерной практике ПО и сетей: что верно про «Bloom filter»?,вероятностная структура членства с ложноположительными,0,supplemental
sup494,В инженерной практике ПО и сетей: что верно про «Bloom filter»?,точное множество без ошибок,1,supplemental
sup495,В инженерной практике ПО и сетей: что верно про «RAID 1»?,зеркалирование дисков,0,supplemental
sup496,В инженерной практике ПО и сетей: что верно про «RAID 1»?,чередование блоков без избыточности,1,supplemental
sup497,В инженерной практике ПО и сетей: что верно про «RAID 5»?,чётность по блокам с распределением,0,supplemental
sup498,В инженерной практике ПО и сетей: что верно про «RAID 5»?,полное дублирование каждого бита на двух дисках как RAID1,1,supplemental
sup499,В инженерной практике ПО и сетей: что верно про «NUMA»?,неравномерный доступ к памяти в многопроцессорных системах,0,supplemental
sup500,В инженерной практике ПО и сетей: что верно про «NUMA»?,одинаковая задержка ко всей памяти как в UMA всегда,1,supplemental
